mean_alpha,mean_b,mean_k_1,mean_k_2,mean_g,mean_m,mean_threshold_word,mean_threshold_nonword,median_alpha,median_b,median_k_1,median_k_2,median_g,median_m,median_threshold_word,median_threshold_nonword,real_k_1,HDI_k_1_bottom,HDI_k_1_top,real_k_2,HDI_k_2_bottom,HDI_k_2_top,real_alpha,HDI_alpha_bottom,HDI_alpha_top,real_b,HDI_b_bottom,HDI_b_top,real_g,HDI_g_bottom,HDI_g_top,real_m,HDI_m_bottom,HDI_m_top,real_threshold_word,HDI_threshold_word_bottom,HDI_threshold_word_top,real_threshold_nonword,HDI_threshold_nonword_bottom,HDI_threshold_nonword_top
1.8299856092857143,1.4035466719999998,2.1304786936428575,4.3768120971428575,0.1226677864,0.5827863886428571,1.3929391935714284,1.457626115,1.799655,1.403835,2.12908,4.369825,0.112651,0.585542,1.3871,1.452135,1.8421799401707104,1.19188,3.1395,5.0047914653120955,3.64533,5.13571,1.6448801164742057,1.20069,2.5822,1.3814362629269925,0.980725,1.82708,-0.0021708368033994396,0.0114525,0.251316,0.5081841184547075,0.430681,0.728881,1.4449679522749213,1.18107,1.62334,1.720937156408813,1.23647,1.69064
2.880012571428571,1.163387817142857,4.274583019285714,4.9424443021428575,0.09664067599357143,0.5208657861428571,1.7560589450000001,1.8491028721428573,2.8458449999999997,1.16213,4.269205,4.928565,0.08679965,0.523631,1.750045,1.845575,2.9770263268082258,3.24661,5.29694,5.131247393878844,4.22676,5.69413,2.3686497696575506,2.07597,3.75776,1.4778881700431317,0.761003,1.54325,0.20428555772402507,0.00923766,0.205597,0.5658070574653863,0.384912,0.646379,1.661926595603837,1.48528,2.04278,1.7148790774410663,1.57227,2.13069
1.7709936833571431,1.5465661177142855,2.5695447204999997,4.464102992142857,0.12705859507142858,0.5326777894285715,1.4794154078571429,1.516892352857143,1.73613,1.54433,2.57266,4.459535,0.121885,0.5349539999999999,1.474415,1.511315,2.622647812367131,1.54051,3.56394,5.17877877254016,3.65475,5.21902,1.3292243829502675,1.13838,2.49824,1.536747013772036,1.08137,1.99048,0.278869017251934,0.0167352,0.243,0.5452451417480033,0.403891,0.668748,1.5973250260878147,1.23863,1.73157,1.55548165016692,1.27627,1.75671
2.148167352857143,0.962400758,2.9824453035714287,4.564676027857143,0.20786983929,0.37809786407142865,1.9488547385714285,1.7860008342857143,2.11702,0.9609725,2.977805,4.5583100000000005,0.2051285,0.377464,1.94557,1.7812649999999999,1.7104317184877011,2.10349,3.87221,4.613365387595247,3.8459,5.30149,1.8266573793673384,1.53811,2.86882,1.231746816670914,0.627024,1.28884,0.17978408828132353,0.0398008,0.377035,0.5442292796589576,0.234885,0.532596,1.80690118367182,1.64984,2.23861,1.746162832574209,1.49748,2.09283
2.0549576178571427,0.9010904249285715,3.4307219707142855,4.533872317857143,0.34403455936428573,0.472154181,1.6191145171428571,1.4073250635714287,2.0267749999999998,0.8970130000000001,3.43117,4.526565,0.34474649999999996,0.4738465,1.614935,1.4012250000000002,2.434996426766319,2.39239,4.46298,4.798672825053197,3.74159,5.29889,1.6769729712301498,1.41333,2.76649,1.3666349324933917,0.50551,1.31137,0.3334450816751957,0.198148,0.486449,0.549953075019058,0.318473,0.622761,1.7527232038610416,1.37092,1.90252,1.4732691542724785,1.17145,1.64055
1.995177794857143,1.5814129894285713,2.4633354890000003,4.849582840000001,0.20812183496285713,0.45088316392857136,1.9677961685714285,1.7112151657142858,1.96797,1.577145,2.466195,4.84609,0.2056885,0.4521815,1.96319,1.7057250000000002,2.2905685096151833,1.51089,3.43423,5.0539846702778295,4.04321,5.63389,2.069071906475229,1.34594,2.69436,1.4391310255442824,1.18048,2.00628,0.21376666844778355,0.0367305,0.374069,0.594715386674549,0.295947,0.605551,1.8980304784960782,1.65379,2.29543,1.7122969485544934,1.42846,2.00991
1.5102093210714287,1.7275265308571428,2.5354622385714287,5.283911405714286,0.12641897203357144,0.5125144619285714,1.7146862685714286,1.493338522142857,1.491435,1.72723,2.521555,5.282,0.12295800000000001,0.51518,1.707695,1.487215,1.5064619638078909,1.41909,3.54704,5.103430466313733,4.41974,6.12936,1.9050105517983635,1.00828,2.04816,1.4112212808430467,1.30451,2.14839,0.22686805043655278,0.0173088,0.234326,0.4932425357632104,0.375905,0.653949,1.7487476261609718,1.43,2.02178,1.5530449027282927,1.23985,1.75189
2.5693342764285716,0.9781216537857144,3.046469601214286,4.241659447857144,0.30528790819928575,0.43006027342857145,1.642766185714286,1.5011477585714283,2.53999,0.9750745,3.045095,4.228065,0.3071565,0.430958,1.6379,1.494895,2.755188827182601,2.14411,4.02355,4.8722528183161495,3.55034,4.95201,2.041181611496014,1.77957,3.44705,0.9898391709400949,0.613306,1.36477,0.2321824396712735,0.100809,0.489905,0.4223062461334306,0.27051,0.587186,1.6207365689982196,1.41757,1.89816,1.6296965978582252,1.27068,1.73628
2.1006971325714283,1.0132776832857142,4.003184155,4.118883972142857,0.42475334235000006,0.4863193935,1.8760926685714283,1.9869047628571428,2.07723,1.0071400000000001,4.00025,4.114125,0.430519,0.4899945,1.866155,1.977725,2.859044505226756,3.02421,5.00494,4.444564688645591,3.42556,4.79842,1.7642711720324018,1.43301,2.77003,1.236303397653943,0.618869,1.42852,0.35708723053581737,0.195219,0.643946,0.6307158481719071,0.337914,0.633721,1.7912186672876471,1.54682,2.19878,2.0490869978323256,1.6354,2.37243
2.3661207864285716,1.2538371757857143,3.2790636192857137,3.768820571428572,0.1705282340142857,0.5377015062142857,1.9666960521428571,1.3693766222857142,2.332485,1.24813,3.281885,3.758795,0.1695085,0.540274,1.9577149999999999,1.360675,2.1103177316697344,2.21244,4.30691,5.214003753159875,3.11719,4.47951,1.269366571296062,1.56635,3.23958,1.6655980531079102,0.834652,1.69611,0.20571405320541666,0.0556008,0.291602,0.7042018118179112,0.401495,0.663104,2.0363425256984846,1.63384,2.32582,1.715482643611027,1.14166,1.60492
2.2086940152857144,1.0955446662857142,3.7871186885714283,4.490193637142857,0.37971343931428575,0.5208865612142857,1.4690541064285714,1.446375272857143,2.181165,1.089065,3.78493,4.478445,0.3832505,0.5246055000000001,1.462275,1.43826,2.7361059436692012,2.72084,4.84482,5.209801283191988,3.7094,5.29706,1.845765993712707,1.41891,2.96988,1.4343748803905627,0.688043,1.54905,0.36700820765250625,0.2046,0.540997,0.5409522854490143,0.38497,0.644138,1.385295341491708,1.23753,1.72024,1.5077565691244423,1.20707,1.699
1.6707212104285714,0.9350395743571428,2.7159958744285717,4.6667646042857145,0.3291680590142857,0.4453900885,1.7257064278571428,1.4943095471428571,1.645045,0.9332975,2.709495,4.658625,0.3319535,0.4472045,1.721415,1.48702,2.4224371755257654,1.84711,3.69121,4.941254607469987,3.8631,5.41356,1.7989104888550078,1.14519,2.26999,0.9222526098741832,0.60637,1.28924,0.38001457644187214,0.175937,0.485714,0.515281401579367,0.298433,0.592897,1.65146498212157,1.46492,1.98559,1.497978809277516,1.23253,1.76429
1.8500381573571432,1.1851019255714286,2.1246749702857137,4.731860734285714,0.2349189120835714,0.5198891025714285,1.4816470228571428,1.8319114328571429,1.81819,1.1795200000000001,2.12551,4.727595,0.234898,0.5237615,1.475685,1.82476,1.9465245133612312,1.23601,2.9897,5.5425811720498235,3.94746,5.57375,1.1751450609230132,1.18871,2.55662,1.4483426286094934,0.774787,1.57193,0.17386809866000266,0.0635818,0.399268,0.6041896801600485,0.379187,0.656342,1.597357012011647,1.24703,1.70874,1.9955251418850992,1.51455,2.13326
1.9615571341428573,1.3053340462142857,3.764266677857143,4.848890911428571,0.2890044338071429,0.5378749418571428,1.634661325714286,1.52823772,1.93645,1.2995,3.76313,4.836505,0.2912425,0.541156,1.62727,1.520025,3.255389546171537,2.72108,4.92384,5.5336969401823195,4.04475,5.6554,1.7451320029397077,1.33873,2.65601,1.41148248433724,0.832364,1.78175,0.35419210813139923,0.136652,0.423911,0.5547502595749744,0.403353,0.661872,1.8551942292104082,1.36374,1.90961,1.7289097219593799,1.28282,1.80204
2.205973072142857,1.1545548965,2.960555375714286,4.4208784464285715,0.16951300731214286,0.5173010707142857,1.7119544457142857,1.708308852142857,2.17403,1.146385,2.9543850000000003,4.410769999999999,0.1656175,0.5207505,1.7064599999999999,1.70229,1.745920462836055,1.95951,3.96646,4.780828362727492,3.65892,5.16995,1.5959421014194324,1.46039,3.00649,1.3764426827193303,0.727752,1.57214,0.09086244222671663,0.0278562,0.316255,0.5211271826041236,0.365877,0.659848,1.6838140040565328,1.44538,1.98371,1.8854819750786733,1.4192,1.98417
1.6392602754285714,1.4198193109285713,3.9462907042857145,4.462160952142857,0.09052293042357142,0.4170738557857143,1.8809470364285714,1.7740600350000002,1.61685,1.41535,3.9461,4.455685,0.08261255,0.417499,1.87589,1.77013,2.7522464840375744,2.88873,5.03341,4.499657636829763,3.74042,5.24495,1.6145951864992145,1.08201,2.23915,1.3229450296084693,0.982417,1.8765,0.14305132684442434,0.0102733,0.190116,0.6052244155293355,0.279614,0.547868,1.5766966156166942,1.58541,2.19831,1.6991630554413806,1.50835,2.03923
2.1060705734285716,1.2053353917857144,2.954293754714286,4.471124502857143,0.2296766184528571,0.5110969386428572,1.750560567142857,1.8714397485714285,2.07057,1.1989100000000001,2.954345,4.456910000000001,0.2285025,0.5142415,1.742315,1.865485,2.443932862852638,1.9675,4.00096,4.906886122015988,3.68772,5.25533,1.7090718611610731,1.32838,2.89782,1.1737901399120927,0.779869,1.64679,0.2626173084572868,0.0465811,0.406485,0.5538735416959117,0.363569,0.658732,1.666480476097683,1.46466,2.06867,1.9652713580061383,1.55015,2.20933
2.3795099971428573,1.5768007537142859,2.785290602,5.1618330285714284,0.20242649621714287,0.5389843079285714,1.7075609771428573,1.3281134302857143,2.348605,1.57252,2.78131,5.14994,0.2010395,0.5416540000000001,1.70159,1.320935,2.095228009331466,1.76069,3.80613,5.870670734830098,4.35084,6.03311,2.082852700380368,1.64044,3.17829,1.6780075258751372,1.15064,2.02873,0.17229260095634646,0.0582933,0.354,0.5797796337059173,0.39044,0.673028,1.7513949670953464,1.42427,1.988,1.416643518412926,1.10571,1.56091
2.0991722399999997,1.3932560764285715,2.4361251012142855,5.024086852142857,0.19256697522142857,0.6018521669285715,1.4358235242857142,1.7115744064285716,2.0590200000000003,1.3919700000000002,2.4267950000000003,5.01831,0.187393,0.606788,1.42919,1.70803,2.545098222890574,1.45545,3.35087,5.451889713194957,4.20447,5.88379,1.7100487991779685,1.35817,2.89955,1.4236282147198667,0.986035,1.83291,0.07521283356799821,0.0239198,0.361638,0.4595220085627891,0.454782,0.733285,1.6310420743280447,1.22138,1.66771,1.8482575776450882,1.42793,1.99672
1.546407621357143,1.0137758505714285,2.591256275214286,4.357376215714286,0.2675005348142857,0.58032948,1.5641642814285712,1.4262913885714286,1.522565,1.010025,2.58791,4.35081,0.26901549999999996,0.583817,1.557645,1.419295,2.41591687820305,1.62237,3.5938,5.257431753814731,3.58483,5.10329,1.2523268767995148,0.968207,2.18214,1.1281172282290806,0.623029,1.41621,0.3450603542149744,0.1263,0.407496,0.5790812374555778,0.438012,0.713746,1.7778415841822586,1.32421,1.83344,1.6948566713841993,1.18436,1.67337
2.4907724768571424,1.2693692246428572,3.269252721428572,3.503196367142857,0.3713394198642857,0.48468178528571426,1.602446252142857,1.6126418635714284,2.46138,1.257435,3.27175,3.49141,0.3754685,0.487838,1.595345,1.604655,2.3845628219302766,2.23083,4.26837,4.016634624307061,2.91278,4.12427,1.6316121404758546,1.6394,3.32931,1.5083612974916698,0.787142,1.74494,0.35684792639753576,0.177196,0.571445,0.5980366101526267,0.350844,0.620512,1.5648220407256448,1.31898,1.86874,1.6316190595826061,1.35741,1.88184
2.3193301628571428,1.067330562642857,2.2963124439285716,4.098195886428572,0.079013943325,0.4573279400714286,1.6424145942857142,1.48296918,2.288425,1.06319,2.29414,4.088055,0.0716749,0.45983399999999996,1.635645,1.477205,2.313311989792285,1.38176,3.19044,4.680508390268134,3.42969,4.79795,1.9719862425711243,1.57692,3.08398,1.0462571022585208,0.732758,1.39553,0.10933444042350039,0.00798577,0.164627,0.5024263794003417,0.323329,0.591515,1.711789621174199,1.38811,1.89845,1.67367315642145,1.24188,1.71689
2.399969357142857,0.5891052257142857,3.800528904285714,3.6553555757142857,0.33049932893571426,0.4495924347857143,1.5168949878571427,1.7166421507142857,2.374825,0.5808610000000001,3.799615,3.647265,0.33391099999999996,0.4517585,1.509795,1.708605,3.0585720689186324,2.89071,4.743,4.220811129719716,3.04718,4.26137,1.8328723465402832,1.67904,3.14957,0.9675179334240489,0.261528,0.937886,0.3992576465282734,0.140187,0.519799,0.5249143246593335,0.298006,0.587193,1.5240676423212103,1.26476,1.77995,1.7816223470711057,1.45077,2.0042
2.0057778657142857,1.2535609992857142,2.8264301888571426,4.745776640714286,0.22252853454285715,0.43170259842857145,1.8438274835714286,1.4519320207142856,1.980585,1.250875,2.833945,4.736475,0.22275499999999998,0.43261,1.84021,1.445315,1.6978962225354874,1.89647,3.80429,5.075846628531182,3.96781,5.51019,1.905838309750782,1.36439,2.63753,1.434127774882578,0.88394,1.63775,0.33810105050094197,0.0767988,0.369736,0.5576798848625197,0.283706,0.571039,1.7792869266350189,1.55009,2.15193,1.427264808470125,1.20039,1.70709
2.444180649285714,1.11540817,3.082689632142857,4.856983025,0.1458951950614286,0.5156509222857143,1.519230387142857,1.5455190314285714,2.414355,1.112095,3.082675,4.841055,0.1417815,0.5184355,1.51311,1.53883,2.7665455057672874,2.13343,4.05766,5.470641049511308,4.04494,5.70711,1.9233389325259307,1.70883,3.27945,1.3852223307460054,0.747978,1.49367,0.10641564135496726,0.0233992,0.276553,0.46052869645920025,0.371378,0.651006,1.7430536936266516,1.26565,1.77522,1.7927670403917764,1.28386,1.81132
2.7930298085714287,0.9600251057142858,2.7781819435714286,4.814431243571428,0.06836959922642856,0.49160116907142853,1.6148516364285714,1.4781506199999999,2.760615,0.95824,2.76843,4.80472,0.060264200000000004,0.4945675,1.60847,1.472545,2.3120973255329753,1.92457,3.71327,5.841813735963847,4.06851,5.55482,1.74072223832424,2.02516,3.57079,1.4566085383466822,0.641025,1.30699,-0.08322713081190095,0.00633637,0.148673,0.6039245501241852,0.342995,0.627238,1.6965378226354269,1.3639,1.87661,1.6727083821338593,1.24899,1.73227
2.0539871042857145,1.1328632044285714,2.2978023287142855,4.296209272142857,0.4052979566357143,0.5793331391428571,1.473072432857143,1.5119635164285714,2.0197000000000003,1.12562,2.2876399999999997,4.28479,0.40780150000000004,0.5835055,1.46573,1.503595,1.795747788808809,1.3372,3.26063,5.00609892120775,3.4892,5.04689,1.5406485485642984,1.30441,2.84349,1.343448953902756,0.693662,1.5734,0.18879641798162694,0.235749,0.562583,0.5791947852157499,0.436997,0.723198,1.6309721440987361,1.24517,1.73479,1.923798033589498,1.24679,1.78848
2.417769272142857,1.2351114069285716,2.6373480514285714,4.320522357142857,0.2837829173642857,0.46098533721428575,1.7303875742857144,1.5129006521428572,2.381095,1.228745,2.6317500000000003,4.308465,0.2848895,0.46245499999999995,1.722505,1.50525,2.4874569384104945,1.62454,3.5897,4.851063299758077,3.59162,5.09825,1.9529933117817468,1.63647,3.30209,1.2403779083725257,0.839099,1.6457,0.30242390384521506,0.113487,0.437037,0.5168062067101677,0.320474,0.597985,1.7859734825740887,1.45233,2.03143,1.6878463752593313,1.23344,1.79846
2.9949659021428565,1.4379686628571426,3.244247835,3.936467063571429,0.0816745619207143,0.5837261378571429,1.827335217857143,1.9108730299999999,2.966025,1.432795,3.241275,3.9254350000000002,0.07208115000000001,0.5869580000000001,1.818215,1.90692,2.456807449490848,2.25639,4.24671,4.278564119015768,3.31777,4.52688,2.085125808983924,2.09224,3.94286,1.674242120307051,1.05308,1.85211,0.2617215505789186,0.00616755,0.177797,0.732379301535872,0.460553,0.701253,1.87597211632237,1.53199,2.15299,1.8320446320470796,1.62101,2.21255
2.3502335535714285,1.125901380857143,2.538403832785714,4.753014602142858,0.1705180174292857,0.4507621271428572,1.7935804200000003,1.6862425635714287,2.32525,1.12479,2.53707,4.73526,0.1653465,0.45163,1.788825,1.678855,2.2907985637078054,1.67075,3.40528,5.360473171660242,4.01879,5.49238,1.7326483578865406,1.67977,3.06079,1.3287708496014368,0.790061,1.4802,0.20962798020454898,0.0316043,0.314059,0.49145509662530773,0.305581,0.599503,1.9623296985578194,1.52349,2.06931,1.7600812002952082,1.42424,1.97211
2.3772206614285714,0.7983193647857144,3.2369595385714285,4.431579547857143,0.3928728031214285,0.46935134721428573,1.6433480285714286,1.4692179692857144,2.345415,0.7933915,3.24038,4.421975,0.39369350000000003,0.471323,1.635605,1.46256,2.6690370332518167,2.33087,4.14074,5.017661582953231,3.68987,5.16487,2.0525280175049785,1.64339,3.15441,0.923909238016376,0.455707,1.11801,0.3423790532682187,0.243694,0.538187,0.5294834910463326,0.325273,0.610229,1.660220192433399,1.39927,1.90667,1.599815175321381,1.23761,1.72255
2.5007974050000006,0.7395197747142858,3.886033796428572,4.553850791428571,0.193566846465,0.48411341521428575,1.5250970707142857,1.7606149942857146,2.468575,0.7351725,3.88395,4.546200000000001,0.1903445,0.48609250000000004,1.51953,1.755255,2.702223378178608,2.8866,4.85917,5.149356904253176,3.81407,5.28039,2.041304469518863,1.74736,3.27338,1.0518384901577928,0.404225,1.08736,0.15717013704159874,0.0244626,0.36086,0.5674589755242048,0.337717,0.624546,1.3772161456717196,1.26849,1.78154,1.7545851072298095,1.44464,2.0754
2.465404322142857,1.1798047234285713,1.925046964714286,4.449157155,0.3549130129142856,0.5716955219285714,1.40071747,1.6685252442857141,2.4309950000000002,1.177485,1.92185,4.441649999999999,0.35850499999999996,0.5747535,1.39288,1.660275,2.291710310397444,1.11358,2.72483,5.279877826326504,3.71926,5.19331,1.7911231910456524,1.69219,3.31071,1.0584007417135086,0.842539,1.5349,0.32117902627120043,0.172215,0.529054,0.5007926434021043,0.440214,0.690845,1.689108757796858,1.18863,1.62139,2.0271539454679557,1.3734,1.97566
2.3414773835714286,1.2734030254285715,2.7074017951428573,4.751424836428571,0.18438024881214285,0.48653355392857145,1.7906681528571429,1.55991423,2.31349,1.269015,2.69496,4.73863,0.18295250000000002,0.4894765,1.78387,1.552135,1.2898454908452726,1.7115,3.676,4.939273213911193,3.96028,5.54285,2.000062540317122,1.58386,3.12761,1.3963356936121323,0.867114,1.66338,0.18247196724741868,0.0483122,0.319055,0.6900254027416246,0.348403,0.624396,1.5469074132588791,1.49544,2.11641,1.6481893353563668,1.2877,1.84288
1.8648681354999999,1.0463709351428572,1.5893686499285715,3.8680644014285717,0.16427123218714285,0.48495974071428566,1.5545464064285712,1.4985486457142856,1.8396949999999999,1.046405,1.582965,3.85829,0.159297,0.4881105,1.55003,1.493335,1.7124748994497225,0.815826,2.41121,4.160753434135669,3.23933,4.5311,1.5230194192018887,1.26194,2.55953,1.0171029742365925,0.727665,1.3723,0.12118450505951524,0.019122,0.302992,0.5510793342380134,0.332566,0.639621,1.615562417094579,1.32436,1.79864,1.5970847613235972,1.24963,1.75565
2.216908072142857,1.132433702857143,2.863035599285714,3.859985199285714,0.251115197335,0.4363293931428572,1.7491873185714284,2.106061049285714,2.18792,1.126975,2.8616,3.85145,0.24493,0.4378835,1.744245,2.1012199999999996,2.7064139797568343,1.9815,3.68769,4.175295326798823,3.20409,4.5458,1.656279878838212,1.48751,3.0381,1.2112239055078844,0.71705,1.53443,0.3365884653048143,0.0260836,0.47652,0.47809165005745485,0.276145,0.593141,1.7742269658935776,1.4733,2.05665,2.033276413466724,1.74323,2.46769
2.2407037680000004,1.0042847834285715,3.2282442328571426,3.5427128150000007,0.42198769224285715,0.5003717902142857,1.522805035,1.6841042757142857,2.213885,0.9917125,3.23494,3.524425,0.42718,0.502745,1.51488,1.67463,2.7630763148179764,2.28836,4.14158,4.610192323404483,2.92754,4.21082,1.3648259708875923,1.45951,3.05041,1.3129216689623624,0.611512,1.42701,0.26299815052596476,0.22569,0.611227,0.588020348534797,0.35344,0.639682,1.597080145521869,1.27256,1.78447,1.9181580724894738,1.41308,1.96777
1.4334945754285715,1.4317170429285715,1.909982927357143,4.16359797,0.24802229540714285,0.5932355735714285,1.3985062557142858,1.4562502814285716,1.41438,1.431225,1.899375,4.157555,0.2505495,0.596708,1.3927100000000001,1.4489800000000002,1.8163260777927555,1.02908,2.82716,4.765458184204366,3.45266,4.91547,1.1873096263222302,0.833287,2.02915,1.2847685500249693,1.02868,1.83772,0.3430820232037759,0.0980508,0.387892,0.5701553188391845,0.461374,0.7193,1.4929092131104134,1.17876,1.62167,1.6273916724248796,1.23275,1.70542
2.028378880714286,1.16269036,3.1068279742857143,4.245751001428571,0.13420214804285716,0.4457612463571428,1.989093647142857,1.8645839514285716,1.994925,1.1574900000000001,3.1103,4.23947,0.12644850000000002,0.448176,1.98209,1.859385,1.9476016998538799,2.15726,4.09647,4.513356849713493,3.51612,4.96545,1.443272104403662,1.38179,2.75925,1.4790358637738044,0.778442,1.55383,0.1745624919646821,0.0171009,0.265949,0.6114053393532999,0.297901,0.594065,1.9312333617367186,1.66135,2.32334,1.873300070395966,1.56601,2.16524
2.4687658949999998,1.152525206357143,3.118643584285714,3.9891853171428573,0.2111184880857143,0.3999388817142857,1.8904505221428571,1.798063602142857,2.437425,1.143885,3.1219349999999997,3.97163,0.20727250000000003,0.40103,1.88517,1.79339,1.749533349535199,2.14781,4.06051,4.744001816831422,3.31988,4.69327,1.625625286834585,1.62329,3.31591,1.4851420385835525,0.730297,1.57258,0.22423952394076188,0.0355248,0.376842,0.4608569390991758,0.257772,0.542301,1.8161851430880238,1.60073,2.19315,1.8569506901104718,1.512,2.09196
2.1904189078571425,1.2836867098571427,2.5537158061428573,4.596219801428572,0.060338647545,0.4629078090714286,1.95414736,1.649338897857143,2.1625550000000002,1.28137,2.548395,4.58647,0.052368200000000004,0.4649085,1.94883,1.64482,1.6977149334956425,1.60721,3.45936,4.724806583899936,3.91791,5.35776,2.12275531924759,1.54865,2.87305,1.3378321911409379,0.944245,1.63874,0.1269968559590684,0.00658683,0.133867,0.516582697805134,0.308406,0.60391,1.9218298868857955,1.6831,2.26345,1.6056529726066928,1.40399,1.89603
1.8699657297857144,1.272336362857143,2.589356541142857,4.110137401428571,0.22831028594285713,0.533875468357143,1.5265884621428571,1.2730442117142857,1.841685,1.2686000000000002,2.586005,4.098685,0.230039,0.536457,1.51946,1.26545,2.5409304811026474,1.53992,3.62654,4.951718317434383,3.32651,4.87236,1.361225726988251,1.17673,2.63118,1.5126796431404983,0.823695,1.70571,0.24932159648493057,0.103645,0.347112,0.5860421977986282,0.406522,0.654663,1.7457588895487297,1.2777,1.784,1.5437146757974411,1.05556,1.5153
2.630755755714286,0.7288920247357144,4.0314312885714285,4.698381818571429,0.15254249408714285,0.5069848547857143,1.583110825,1.6457310649999999,2.602465,0.722192,4.032484999999999,4.68483,0.14865,0.509477,1.576485,1.640545,3.221363669185086,3.0077,5.08466,4.991301080307984,3.9415,5.48743,2.121005591641137,1.84999,3.49919,0.902675742596938,0.352693,1.11543,0.28515221358854925,0.0297813,0.279471,0.523450842569463,0.367751,0.640235,1.6008559316395907,1.33694,1.85337,1.5999965262595823,1.38184,1.92372
2.012414836285714,1.1476637774285714,3.1586699542857146,4.528285592857142,0.2944893861571428,0.3893886102142858,1.5850389407142855,1.4075893007142857,1.989585,1.14127,3.1640550000000003,4.51582,0.2953795,0.3898215,1.58186,1.40333,2.604610173855154,2.16653,4.20013,4.871912036871259,3.7568,5.28863,2.012989796622851,1.3262,2.72235,1.132272703627445,0.731294,1.62015,0.24948696110212873,0.136163,0.448836,0.43193460431573993,0.247593,0.535573,1.5716570846950346,1.34374,1.82065,1.5118185148414345,1.19149,1.62109
2.4117136278571425,1.2796887015714287,3.490852847142857,4.2848383128571434,0.07341769364071428,0.5013089682857143,1.9221164985714287,1.5146138642857145,2.3773,1.27667,3.483415,4.2753250000000005,0.0665589,0.5045055,1.91567,1.5085950000000001,2.6676808171730206,2.46977,4.59361,4.530770106420602,3.58815,5.00069,2.219285333513252,1.65543,3.18548,1.2937565678064546,0.896113,1.67577,0.18596630411270948,0.00723114,0.152568,0.666899942085997,0.372103,0.628942,1.8764333779582398,1.58622,2.25719,1.5064053340862347,1.26521,1.76768
2.566443225,1.3851152842142858,3.1905851671428573,3.359168083571429,0.16415885631428573,0.5403236090714285,1.7855458957142858,1.7462941800000003,2.54016,1.376985,3.1895949999999997,3.350075,0.1558675,0.544025,1.7798,1.742835,2.3333251407363913,2.25218,4.14142,4.194709908278585,2.81088,3.90982,1.7351564305144305,1.73121,3.38187,1.66706863393052,0.956624,1.82217,0.21843618014385896,0.0190881,0.324786,0.5649335917617176,0.396049,0.682909,1.7879133398092035,1.51635,2.07865,1.9023874888726222,1.47825,2.01418
2.347039504285714,1.2573204400714286,2.8368907127142857,4.088934752857143,0.2377217088064286,0.5436347585714286,1.5647068314285717,1.4655078078571429,2.31588,1.25116,2.838565,4.07648,0.2385605,0.5472245,1.55759,1.45815,2.1823565714326687,1.83375,3.80459,4.559998129353648,3.393,4.84153,2.074170352604496,1.58549,3.21075,1.4567223844208885,0.823456,1.67701,0.26983762744675865,0.082656,0.389511,0.5482906581924246,0.397358,0.676116,1.7135836077366011,1.31196,1.84052,1.614400967599496,1.2232,1.73539
2.4549939064285713,1.3825824140714287,3.5649152471428573,4.518343557142857,0.08438618619357142,0.5432694448571428,1.7056791928571426,1.9704434742857144,2.424575,1.37711,3.565425,4.5047,0.0742466,0.547137,1.6984249999999999,1.966685,3.150009715439695,2.57901,4.53414,5.2185570250238325,3.83081,5.21722,2.0102833004484983,1.72306,3.26467,1.4102868450733124,0.957842,1.79103,0.15043411176317362,0.00701463,0.185146,0.5830624941772314,0.406035,0.675951,1.7167216504672544,1.4393,1.97545,2.010379679370443,1.69136,2.26767
2.9737761835714283,1.2717510395714287,2.5761661759999996,4.293495058571429,0.1330983726442857,0.6133191872142857,1.5122027835714285,1.2617948842142859,2.939615,1.266465,2.57272,4.276059999999999,0.12788349999999998,0.6177565,1.506065,1.257825,2.704491916587954,1.71347,3.50937,5.101872736738338,3.61045,4.97312,2.1643674732261458,2.08247,3.92828,1.3049511211388178,0.893712,1.64859,0.07743498334327412,0.0202939,0.254403,0.5401619222250231,0.477852,0.736767,1.6412253319800656,1.28876,1.74215,1.44287087858361,1.06896,1.46339
1.7675069482142858,1.0031668815,2.2791480609285713,4.5810567014285715,0.2498064447242857,0.5716267847857142,1.4816555214285714,1.501970620714286,1.74436,1.002325,2.27186,4.576045000000001,0.25006649999999997,0.5763265,1.474775,1.4945650000000001,2.2578645262072676,1.38063,3.18275,4.9956879034381165,3.81507,5.34209,1.0975606540866634,1.17784,2.42051,1.2261546470149107,0.603214,1.39502,0.2394851201717234,0.0917359,0.40183,0.5195554729568712,0.412041,0.715573,1.7090342498889064,1.24734,1.71261,1.645662217927584,1.25443,1.77432
2.399564087142857,1.6197686935,3.3388681328571432,4.67966968,0.3017436198571429,0.5545345052142857,1.6947060321428573,1.4587229442857144,2.3662549999999998,1.61357,3.3273,4.671575000000001,0.30292600000000003,0.5580510000000001,1.6874500000000001,1.45293,2.741325612885328,2.26814,4.44507,4.849922060467604,3.89887,5.47183,2.3537089514377048,1.62466,3.23095,1.5037164167361692,1.16269,2.06281,0.3139367242306256,0.157621,0.436833,0.6419495186975473,0.431039,0.675265,1.6907968328985754,1.42167,1.98441,1.5558244285207357,1.22202,1.70865
1.900207166357143,1.2060556459285716,3.5236273935714286,4.086022690714286,0.1312735743707143,0.5622635555714286,1.3772047628571429,1.3361129027857144,1.87538,1.202955,3.5285900000000003,4.07793,0.127904,0.5653444999999999,1.368645,1.330805,3.826261698493899,2.41495,4.57752,5.4010530188216945,3.33856,4.84206,1.032892039929049,1.25033,2.60456,1.4785467137658954,0.744608,1.64646,0.12851183718964962,0.0218719,0.242466,0.42959363581258964,0.432026,0.683546,1.753553129263941,1.14219,1.6334,1.614260857118578,1.10965,1.57266
2.425745112857143,1.0485492899285715,2.820650762857143,3.71170717,0.1940960117685714,0.5625566919285714,1.494411052142857,1.431269555,2.397245,1.04287,2.82496,3.6931599999999998,0.193907,0.5660745,1.487395,1.4225949999999998,1.762288030632119,1.87944,3.7591,4.530369862589556,3.07041,4.40788,2.1100994627185017,1.65098,3.33814,1.3077326735790387,0.672439,1.45752,0.15712153805067602,0.0562463,0.335378,0.6712717897958821,0.431292,0.693956,1.5335982605932432,1.25057,1.74828,1.6845301000687325,1.20147,1.67566
1.6509560845714284,1.6397369865,2.9652148700000005,3.7522387342857146,0.1413895449507143,0.5284387967857143,1.6296125064285714,1.656231785,1.629,1.630615,2.963145,3.7409299999999996,0.1361575,0.5302830000000001,1.623705,1.6522649999999999,2.976940972385672,2.00403,3.91473,4.451087199339897,3.06707,4.42458,1.3209422341845143,1.02123,2.32806,1.6524834079944482,1.18543,2.14295,0.15130262053527882,0.0154549,0.268001,0.6634585232361845,0.404916,0.652092,1.638100861331321,1.3629,1.91746,1.7841633760769413,1.39542,1.92395
1.497108503714286,1.2732248484285713,2.345323973642857,4.965145040714286,0.11690771860357144,0.44648819500000003,1.714101645714286,1.8480369207142857,1.47716,1.27238,2.35076,4.96064,0.11102100000000001,0.4480325,1.7088100000000002,1.84162,1.9987461066560648,1.41769,3.24791,5.154132056480121,4.1816,5.73073,1.2178169143387798,1.00198,1.99488,1.2779925648289248,0.923793,1.64292,0.1701487042931893,0.013323,0.228475,0.5801789601537433,0.305101,0.586727,1.7093745789694479,1.43917,1.99413,1.884868185885347,1.55321,2.1495
2.7392657700000003,1.1658091317142858,3.1805620404285717,4.704230594285714,0.2713253250028571,0.4941225087857143,1.571729732142857,1.5583311607142858,2.7056050000000003,1.1587049999999999,3.177515,4.69007,0.27261599999999997,0.497351,1.56368,1.55027,2.682243371298287,2.24461,4.22497,5.1809904121106625,3.95511,5.46723,1.9991682072481878,1.89616,3.63337,1.4373998498143492,0.762055,1.58224,0.2464591657023141,0.118184,0.420448,0.5984819920532801,0.368647,0.615504,1.5765995574329548,1.30852,1.82903,1.6249873089639146,1.28586,1.83814
2.713599155714286,0.8841441802142856,1.7909547535714285,3.813456352142857,0.26764843756428575,0.4187285069285715,1.738412009285714,1.7272540242857142,2.688485,0.8809745,1.78544,3.8039500000000004,0.2661775,0.42011299999999996,1.73387,1.71997,0.7852641214367078,1.14042,2.49876,4.54503072698911,3.20725,4.41252,1.923596629660875,1.90215,3.52837,1.1589994994653654,0.602589,1.20081,0.19300694419707926,0.0762592,0.460939,0.5114441171917565,0.264041,0.575014,1.7450792020039454,1.48648,1.98474,1.9505612926145455,1.46372,2.02047
2.5590208021428573,1.4406941902142858,2.6747445904999996,4.0851825264285715,0.24774096862142855,0.5285380451428572,1.6414277764285714,1.7127949364285715,2.5234050000000003,1.431,2.67927,4.06562,0.2472315,0.5308980000000001,1.634195,1.70751,2.703285851780232,1.70321,3.63716,4.2536275477082786,3.40356,4.81355,2.4230156624996155,1.63937,3.48561,1.1757656703142307,1.01443,1.88675,0.26252823174923107,0.0390148,0.426115,0.5940305011010317,0.381708,0.670376,1.5970300114041283,1.37289,1.92141,1.6555839988927228,1.41859,2.01189
2.5059991628571425,1.3992839214285715,2.616916369214286,4.921888142142857,0.11631074101785714,0.5099607683571429,1.5099707364285715,1.8507216750000002,2.471475,1.3948749999999999,2.62029,4.90967,0.1046365,0.5124660000000001,1.503715,1.84802,2.341950312082327,1.63924,3.57899,4.933934664375941,4.13316,5.69717,2.141531390536967,1.70507,3.36767,1.4430985111607928,1.01889,1.81435,0.21566010466950294,0.010413,0.250502,0.3834103358824948,0.36962,0.646885,1.6852523102539085,1.27432,1.74981,1.8218769159340276,1.55701,2.13923
2.5825579285714286,0.9094763970714286,2.9256949857142853,4.6177333435714285,0.17355333727214287,0.5166472330714286,1.7034938450000001,1.5516302299999998,2.5541400000000003,0.9074139999999999,2.919585,4.6041799999999995,0.171562,0.5199245,1.69425,1.5446149999999998,2.504974709651083,2.04506,3.83009,5.337435168334181,3.90981,5.37909,2.1990186563982324,1.84182,3.3901,0.968056771018238,0.581028,1.23332,0.14711387904342965,0.0417336,0.304383,0.6293912618373926,0.372954,0.645973,1.7874074676543614,1.41428,1.99289,1.7818588460528613,1.2846,1.81973
2.447700487857143,0.9793562612142857,3.1468177107142856,4.309634135714285,0.3124300089071429,0.3524210097142857,1.6157799292857142,1.4834473892857143,2.4189249999999998,0.972039,3.154355,4.297625,0.3135975,0.35109900000000005,1.61212,1.476885,2.298502470311073,2.2008,4.11792,4.527034986949457,3.6403,5.06653,2.13235203075725,1.66212,3.25379,1.3183744589459274,0.581225,1.38708,0.25616602728012394,0.128133,0.488418,0.39605283457281626,0.209396,0.494854,1.6489769359847524,1.38233,1.84653,1.5086143090136597,1.27385,1.72608
2.084644577642857,1.395034007142857,3.0459500121428573,4.559143045714286,0.22818743349714285,0.5662210767142857,1.5970349414285714,1.70698956,2.05163,1.389615,3.043305,4.55368,0.22600199999999998,0.5698575,1.58985,1.7022650000000001,2.5727819803406806,2.04558,4.09932,5.062648924310286,3.7586,5.32124,1.6818825685334933,1.35659,2.85951,1.439682639811884,0.939526,1.87277,0.22757945701222615,0.0411014,0.418685,0.5546358863335173,0.415435,0.704027,1.6195154287204572,1.33937,1.87095,1.7308700696097876,1.41429,2.00295
2.2116443512142854,1.0864378258571428,3.1369543849999997,3.3877649292857144,0.31529459712499996,0.4620785558571428,1.7581969921428573,1.7632877842857142,2.184195,1.082665,3.1394900000000003,3.378665,0.31611,0.46394100000000005,1.750815,1.757875,2.584984476566465,2.22128,4.00204,3.8457240895824083,2.79246,4.01862,1.7926026753633157,1.45138,3.0221,1.1866729430469014,0.660859,1.49374,0.4392603488728002,0.0740859,0.54671,0.5529003771511171,0.305187,0.608153,1.6462825221886948,1.47085,2.04257,1.762510998311405,1.45344,2.0576
1.644488357142857,1.0865810043571429,2.646845064142857,4.953539571428571,0.18633543085785712,0.46558048471428576,1.4531067507142854,1.6527654807142858,1.622185,1.08508,2.651595,4.948385,0.185678,0.4682895,1.448385,1.645945,2.204621071054666,1.67045,3.63371,4.936077458286014,4.10218,5.76852,1.6011985485108329,1.07808,2.29136,1.1364585944515078,0.673963,1.49189,0.22820492700353742,0.0506304,0.323398,0.47492872792417407,0.325227,0.616269,1.567379884318815,1.22022,1.69446,1.7187206925990217,1.39429,1.92626
2.0525347050714284,1.3554062117857144,2.6037578197142857,4.261902515714286,0.3404402650857143,0.6126399422142857,1.4410599785714286,1.5819608378571428,2.0259099999999997,1.347795,2.5982000000000003,4.24571,0.3445425,0.615337,1.43397,1.57486,2.4427009682253553,1.5755,3.5926,5.0025579167080725,3.48527,5.05448,1.7651421965063516,1.27374,2.86399,1.287946871142688,0.893637,1.83329,0.28357605673628106,0.166128,0.510453,0.6969320916762642,0.495457,0.719618,1.5311889262891105,1.2045,1.69537,1.810311742927353,1.29629,1.876
2.337365867142857,0.9958125407142857,2.8311968728571424,4.710234293571429,0.20697073582,0.4338699936428571,1.7927564392857143,1.6557099564285713,2.31044,0.9925425,2.824615,4.698865,0.2058325,0.434861,1.7877,1.64923,1.7598743599518198,1.92275,3.6657,5.270309452450739,3.97592,5.50874,2.0312315851033156,1.60099,3.06834,1.0369088007644829,0.663294,1.35748,0.19234154865400277,0.0635462,0.359484,0.5587892186293232,0.298681,0.568611,1.6281825228691562,1.51933,2.06916,1.7710266638879584,1.3655,1.94497
1.6625929177142857,1.3071759157857143,2.812400701857143,5.5242086228571425,0.17376697922785714,0.6397063318571428,1.1741163014285714,1.3459108233571428,1.639205,1.3035100000000002,2.804015,5.512265,0.173236,0.6439364999999999,1.1666,1.33952,2.6616396821026047,1.67429,3.90236,5.90959037093928,4.58433,6.43799,1.4869210975554124,1.09063,2.24143,1.2917574426546508,0.865123,1.72563,0.2105700515481755,0.0463246,0.296708,0.44916697157427277,0.510607,0.772336,1.3100919730542828,0.982755,1.38809,1.4696482937177877,1.11611,1.58142
1.9690131087857143,1.5165670275714287,2.4877942149285714,3.639196435,0.2955251593071428,0.4603341155,1.7847668957142855,1.9742094507142858,1.946315,1.50113,2.487055,3.619295,0.29854400000000003,0.46264150000000004,1.776715,1.966305,1.9290674547143931,1.49336,3.52016,3.9932152525835023,2.98842,4.37608,1.7011503377766546,1.12281,2.85972,1.650032814329047,0.991291,2.07778,0.39393810945509394,0.0883625,0.480879,0.6920822615026943,0.30979,0.598604,1.7627265342792962,1.47693,2.09799,1.9065142785264624,1.65859,2.29244
2.822013154285714,1.153721266357143,3.784238691428571,4.913799610714285,0.2562463256964286,0.5256449497142857,1.5915893742857143,1.738265557857143,2.7940449999999997,1.14889,3.77925,4.901714999999999,0.25602800000000003,0.528043,1.58605,1.73129,3.171689412474968,2.72793,4.80857,5.45952423220842,4.19331,5.69722,2.000036303328121,1.95918,3.70935,1.541240812881364,0.723136,1.59371,0.21033098658217905,0.0591414,0.452571,0.48991135850729073,0.376587,0.663396,1.6336012977939858,1.33986,1.83662,1.807497351920814,1.44991,2.03459
2.269395756428571,1.033075712142857,2.2159951187142855,4.356178261428571,0.1308044249007143,0.4356792600714286,1.6943116171428572,1.5967682757142856,2.241955,1.030885,2.214325,4.347605,0.125784,0.437604,1.68898,1.58908,1.5419943118604105,1.40012,3.11623,5.276332295840277,3.66144,5.08313,1.4196455291736292,1.61351,3.00543,1.1803898068111154,0.660049,1.37316,0.05633499855724022,0.0162043,0.247299,0.5068637487209444,0.289777,0.571977,1.7573717414369594,1.43101,1.95088,1.8722801286059316,1.34342,1.8789
2.17198153,1.0063116562857142,3.0778406171428574,4.494309957857143,0.04204044472071428,0.5586143123571429,1.5591980871428572,1.383357955,2.14497,1.00482,3.07812,4.487085,0.036336549999999995,0.562467,1.5533700000000001,1.3789500000000001,2.611321201669359,2.14094,4.00083,4.776851163092294,3.77154,5.23021,1.6462444131009153,1.54468,2.8473,1.3325544016070872,0.669363,1.33064,-0.06005392892471098,0.00477642,0.0926527,0.5672180828185327,0.416428,0.692708,1.6414092146232775,1.33447,1.80183,1.4889652957191297,1.17393,1.60566
1.870050040857143,1.2287167379285713,3.4002543135714283,4.774584232142857,0.17132984853714284,0.5112880342142857,1.7724903814285715,1.5082084721428572,1.8432849999999998,1.22309,3.39938,4.763275,0.16851850000000002,0.5147265,1.764405,1.5015399999999999,2.1206706939069826,2.35431,4.45147,4.698051695877338,3.98073,5.60335,2.1067759562608597,1.25662,2.52771,1.1733382714173182,0.793086,1.65927,0.21082326451056524,0.035746,0.302036,0.6913173807120122,0.364704,0.646974,1.4865965202351776,1.48797,2.06609,1.389727729238083,1.25786,1.76678
2.9937990542857142,1.0854711424999999,2.8954590385714285,3.851159643571429,0.15131157311214286,0.397736944,1.799840655,1.8413562407142856,2.9612100000000003,1.081785,2.902515,3.8428500000000003,0.1403945,0.3990915,1.79552,1.8373,2.2525570276957643,2.06424,3.72727,4.343906666165564,3.25634,4.43878,1.9872045329975396,2.06144,3.92362,1.5510548438161917,0.736806,1.44281,0.16859709211514193,0.0143976,0.31392,0.5229984378656078,0.250879,0.543166,1.7915270146843199,1.53855,2.07016,1.831114194798186,1.5682,2.13723
1.765870013,1.0955881353571428,2.8107251528571426,4.620601095,0.3885154045285715,0.3692330188571429,1.6273528535714286,1.594396142142857,1.73982,1.091005,2.80989,4.61439,0.390387,0.368742,1.624965,1.589975,1.62384425561594,1.8367,3.70757,4.895756937292419,3.84227,5.39064,1.5922452524121005,1.16587,2.39658,1.457622267418686,0.715309,1.48985,0.355252692059181,0.209995,0.54975,0.4402783312253138,0.230593,0.51372,1.611346802870924,1.37855,1.87302,1.6145921454887526,1.35298,1.85632
2.303441857857143,0.8870634339285713,3.2533174510714287,4.120007109285714,0.2439726203,0.4711933739285714,1.538813525,1.1655101827142857,2.27111,0.8801905,3.25251,4.11133,0.2441755,0.4717325,1.5351400000000002,1.1616849999999999,2.702908418198775,2.22282,4.26342,4.749120126586807,3.41481,4.83863,1.7348020120428134,1.54705,3.068,1.1165641630809582,0.489784,1.29564,0.13379519740863324,0.0883154,0.388382,0.4867538520784348,0.324455,0.62079,1.5312742881964674,1.30856,1.7731,1.2754272587644673,0.975784,1.35221
2.5595083235714284,1.2043877527857143,3.4253358914285714,3.76269817,0.13580382025357143,0.5145903408571428,1.4301023642857142,1.8198260371428572,2.5310300000000003,1.197325,3.426625,3.752965,0.1204475,0.5178214999999999,1.42362,1.819625,3.105367228225473,2.47612,4.36796,3.9680757583425965,3.17549,4.39626,2.1077628149229075,1.76204,3.36336,1.3257414490241852,0.817463,1.65675,0.26000411834764003,0.0117883,0.300176,0.5950993388894064,0.37803,0.639148,1.3385339861767414,1.20549,1.67621,1.686652236428698,1.55284,2.10035
2.094424930142857,0.9773286479285715,2.865718559285714,4.229591205,0.3159073509714286,0.47826789942857145,1.7280504192857142,1.417454126214286,2.065875,0.9723040000000001,2.8632400000000002,4.219175,0.3171405,0.4805615,1.72138,1.409975,2.1107870522271726,1.87258,3.79976,4.3024213521074,3.4706,4.95595,1.8696374931830866,1.4029,2.83119,1.2695504914462745,0.615129,1.35164,0.31737464238997704,0.14099,0.482468,0.5506650575368004,0.314551,0.638296,1.7785232855033157,1.44747,2.01322,1.3906452073571633,1.16726,1.67813
1.9520899333571429,0.6717157127142858,2.5464035121428577,3.8920993492857145,0.28526210915714284,0.4323398674285714,1.5283820928571428,1.526218296428571,1.921735,0.6671165,2.546835,3.88407,0.28687,0.43415499999999996,1.524385,1.52051,2.51835569881788,1.71365,3.38972,4.813348760035515,3.18182,4.57194,1.3401283361830225,1.31193,2.67898,0.8538341667305982,0.353536,0.999547,0.23550148245759406,0.133392,0.430835,0.5681929154695124,0.280083,0.581253,1.6935667326885102,1.28826,1.78296,1.76340723337648,1.27748,1.78547
2.598380990714286,1.109598983857143,2.5490533637857142,4.960433128571429,0.11774448183357143,0.5836191995714285,1.4763535521428572,1.549960827142857,2.56546,1.10587,2.53698,4.944265,0.113552,0.586327,1.47018,1.543725,1.9218799380170848,1.64411,3.44561,6.192570576327258,4.19964,5.76266,1.8755579404332627,1.84234,3.40156,1.2494936733654294,0.773299,1.46125,0.1519396147579564,0.0165915,0.223125,0.5602983505525962,0.453875,0.707726,1.6415683353734536,1.24963,1.71886,1.8839703706453372,1.29956,1.80997
1.7857042446428573,0.6049878563500001,3.392242075714286,4.191522592857143,0.17670998389,0.45136863571428576,1.7408799971428572,1.566311012142857,1.7637450000000001,0.6014045,3.3920250000000003,4.187055,0.175097,0.453315,1.73492,1.559965,2.4422137270582005,2.45857,4.26511,4.219590427952617,3.48982,4.87293,1.607147332788838,1.2684,2.40891,1.0860591243167552,0.276999,0.916726,0.08083847803254807,0.0396258,0.3091,0.6475143935719062,0.293606,0.60986,1.802296238669923,1.48147,2.04146,1.5851968551180837,1.32353,1.83841
2.4145939957142857,1.4497394322142858,3.6317983735714288,4.2955735921428575,0.07902020645214286,0.4441519160714285,1.7052678614285712,1.6575638500000003,2.387115,1.44454,3.62716,4.289285,0.0683166,0.44626,1.698965,1.65499,2.992794054107522,2.55582,4.64618,4.600282540818189,3.63468,4.97867,1.9950457444720393,1.67255,3.2246,1.510181355602355,1.04798,1.85663,0.09104937054605733,0.00707377,0.176735,0.4754899965073262,0.306775,0.588033,1.632860394370143,1.44072,1.98293,1.5716006992066371,1.42168,1.90286
2.8445567207142854,0.7478925396428573,3.6849948407142854,5.315572308571429,0.36925065305714283,0.4690971104285714,1.70127119,1.5629262485714286,2.812275,0.7464195,3.684925,5.297415,0.369448,0.4710395,1.693675,1.55328,2.519263448366945,2.69498,4.66055,5.466875690334398,4.50985,6.14628,2.5492371316950577,2.05365,3.6622,1.2481208053431585,0.375131,1.10759,0.5282248070259418,0.245306,0.498662,0.7226110728276753,0.334316,0.593888,1.782902402559607,1.4246,1.98286,1.461065696073016,1.30707,1.82905
2.972868448571429,1.157397877357143,3.2913853692857145,4.003190215714286,0.18200372887857144,0.48988146971428576,1.8141159528571427,1.9760877592857145,2.9475249999999997,1.1507999999999998,3.29221,3.988945,0.171665,0.49247450000000004,1.808465,1.96998,2.3662560535015924,2.31716,4.24815,4.158153246671092,3.41548,4.66329,2.1313636478546485,2.1003,3.94296,1.4252408941103412,0.743332,1.57103,0.20290832137169623,0.0179917,0.360399,0.5648485733844212,0.332415,0.630753,1.7620255851877444,1.51972,2.10886,1.8006514044071653,1.65295,2.28153
2.0043739090000003,1.6085460535,3.4856946664285715,4.197066030714286,0.23305788930714286,0.5774722343571428,1.6788841257142857,1.3679302114285716,1.974825,1.599565,3.47387,4.186405,0.23465350000000001,0.5809115,1.6702400000000002,1.3602400000000001,3.5041158474736083,2.46172,4.65124,4.9359387597176845,3.46227,4.95707,1.5340174681466663,1.26704,2.72583,1.5133354133656383,1.14944,2.0781,0.15842262574292543,0.110542,0.347255,0.6954072977166424,0.46157,0.687736,1.791285868730964,1.40964,1.9706,1.5967873642327914,1.16098,1.60297
2.4637929435714288,0.9236549389285714,2.3292142558571425,4.940157725714286,0.06424124598142857,0.4306635592142857,1.8120416928571428,1.7634092757142856,2.43228,0.9227385,2.3248249999999997,4.9353750000000005,0.055467249999999996,0.4324635,1.8078699999999999,1.7579799999999999,1.4143603969235155,1.52665,3.13894,4.917963385401801,4.22543,5.7181,2.4648324750518755,1.81695,3.11894,1.1524564907512336,0.629068,1.23594,0.09400013963185944,0.00628994,0.144531,0.530166030291426,0.27786,0.575862,1.8248173035881732,1.56011,2.06524,1.6655132444956213,1.49668,2.04155
2.7042955642857143,1.0287594750000002,3.0797599407142853,4.100027287142856,0.15095924000714286,0.563801988,1.5998334464285713,1.5263310235714287,2.6731350000000003,1.02173,3.086145,4.081045,0.14814149999999998,0.5662495,1.59249,1.5190199999999998,1.9690712890785225,2.08746,4.09621,5.161809343818282,3.42445,4.81299,1.4914932976413167,1.82572,3.60269,1.6266733723867566,0.641944,1.42056,0.10421141553212765,0.0289977,0.268696,0.6784912961997529,0.42945,0.681871,1.839346795820623,1.3282,1.89426,1.856930134753958,1.25968,1.77854
1.8274639342142858,1.8297431529285713,2.456516967071429,4.765428956428572,0.23873609083,0.5153852056428572,1.6458288185714285,1.761334107142857,1.79979,1.826555,2.4592650000000003,4.75652,0.23933149999999997,0.5194105,1.6380599999999998,1.753325,2.032769952943738,1.38521,3.45989,4.861321894842404,3.97286,5.59828,1.9969884319100069,1.13516,2.56535,1.4368501797494315,1.33204,2.35834,0.4293766341756151,0.0544851,0.411362,0.5351688617785677,0.377875,0.647837,1.5799205410153283,1.38013,1.90893,1.6450748285245067,1.47707,2.03504
1.9245968215714284,1.1257943723571429,3.245131420714286,3.9086015457142858,0.4160575397071429,0.5885172822857143,1.4422882042857144,1.6109256492857142,1.8992,1.11822,3.2449250000000003,3.894655,0.4213885,0.5927545,1.4345599999999998,1.60219,2.722648549438607,2.26398,4.16899,4.492957259003394,3.19934,4.62184,1.4896084281375106,1.23287,2.66598,1.4503280301498613,0.699763,1.54369,0.4280897257735139,0.199899,0.612408,0.5498431500153684,0.431863,0.728554,1.4810133118542792,1.20167,1.68543,1.6068220219063725,1.34396,1.89297
1.794970515142857,0.9739967300714286,2.096576272357143,4.428484684285714,0.09116340187142857,0.571408675,1.467050562857143,1.7875824664285713,1.764135,0.9739405,2.08831,4.426095,0.08292145000000001,0.5753965000000001,1.4607,1.781405,2.4398133110442144,1.17778,2.99703,4.509152317770296,3.69728,5.17809,1.7471998155870319,1.18478,2.5098,0.7856279348458474,0.633126,1.35377,0.20420697375737554,0.010162,0.188864,0.6472824817339504,0.428448,0.71262,1.6012165875199948,1.22229,1.71377,1.859010153260005,1.4949,2.06902
2.467545513571429,1.1796387124285714,2.3421134062142857,4.500998092142857,0.13616504001785715,0.5878434786428571,1.4881837785714285,1.8510276035714286,2.4358649999999997,1.1764450000000002,2.34016,4.48829,0.13022250000000002,0.5924625,1.4809649999999999,1.845055,1.7917436343587205,1.43824,3.21983,4.79699299871052,3.78716,5.27287,2.3180108325908306,1.69001,3.32381,1.1812901183760391,0.811671,1.55557,0.13546089158587665,0.0148672,0.263584,0.8073386517084326,0.443104,0.724855,1.482722856426218,1.24679,1.74643,1.8326139970472881,1.5259,2.16395
2.1045129785714285,1.2818150912857142,2.6191015164285716,4.462285983571428,0.21945957437142857,0.5804216121428571,1.3501587442857141,1.5742279671428572,2.0735099999999997,1.2767300000000001,2.61006,4.447685,0.2196445,0.583829,1.343295,1.5675750000000002,2.449463893814725,1.65131,3.59245,5.213962442392145,3.70809,5.25118,1.5734171023174819,1.4047,2.92011,1.203867616041949,0.857461,1.71685,0.23934120682616453,0.0560155,0.362199,0.5369937820235908,0.442981,0.713323,1.386354280691438,1.13464,1.57344,1.7141957198207622,1.31163,1.83569
1.5507379749285715,1.0851160024285715,2.939894957142857,4.432110945,0.10768556788357143,0.47574831385714283,1.659287173571429,2.009829685,1.52992,1.08426,2.94525,4.426629999999999,0.09956525,0.477677,1.6537199999999999,2.0048700000000004,2.5209780917331295,1.99125,3.85662,4.916701563026903,3.66953,5.18201,1.5166029119994755,0.993137,2.11428,1.032648077055334,0.717819,1.47061,0.21919040790023092,0.0097089,0.218587,0.5885125382533724,0.336608,0.624128,1.67190611842262,1.37442,1.94428,2.0348076001896764,1.67799,2.3271
1.8575445937857142,1.391551526142857,3.7175228307142856,4.825282662857143,0.19799029557785716,0.4442607187142857,1.8857698907142857,1.6819606807142857,1.834055,1.38678,3.7181499999999996,4.812704999999999,0.1965395,0.4462205,1.8773900000000001,1.67472,1.8083835864382238,2.61638,4.86261,4.878545871532066,4.03513,5.6252,1.7556805086300662,1.24841,2.47512,1.5063365960414163,0.921766,1.84631,0.21518587400887149,0.0464234,0.348562,0.5976107538078514,0.298862,0.582514,1.6524287834267888,1.58869,2.22608,1.592545143034823,1.39416,1.97564
2.058490449428571,1.509310668857143,3.027598582857143,4.611444497857143,0.17259045975071427,0.5001314185,1.6706891864285713,1.9195375050000003,2.02613,1.50433,3.03057,4.59875,0.166514,0.5017655000000001,1.664565,1.914315,2.5327819800161193,1.97973,4.03721,5.054828680419574,3.81936,5.40839,1.5434984408955141,1.36629,2.89401,1.5441766604086735,1.0687,1.97345,0.28528554581241966,0.0192517,0.333436,0.4689490436074348,0.355492,0.645632,1.6839288533076078,1.39914,1.9605,1.931267596911382,1.60146,2.24626
2.393743852857143,0.9660470162142857,3.4488135307142853,4.435702329285714,0.12626663232357144,0.4086808262142857,1.6242906528571428,1.6255832364285716,2.357815,0.9638495,3.45783,4.42854,0.116418,0.409494,1.622185,1.621815,2.0253308959903924,2.44621,4.35341,4.379929650906197,3.68882,5.13822,1.828027795851168,1.66694,3.16247,1.4229427000927608,0.609309,1.33177,0.09433025489102628,0.0133035,0.262169,0.5259138581121585,0.256632,0.555093,1.4565926700600318,1.37483,1.86798,1.4921038383031942,1.37321,1.87881
2.2993833198571427,1.2639400634285713,2.8435700431428574,3.880996523571428,0.2157898155057143,0.5605294363571429,1.628592984285714,1.532755612857143,2.27155,1.255605,2.8383950000000002,3.869515,0.2158005,0.5628685,1.621655,1.5254400000000001,2.2521098442798775,1.86325,3.88377,4.654792279766333,3.17638,4.57139,1.703041001191118,1.49061,3.2127,1.4442501992512355,0.837703,1.72587,0.22601458075582734,0.0675935,0.361974,0.6049917033399653,0.423107,0.690567,1.7186848602445954,1.3558,1.88197,1.7151306033559581,1.30001,1.77983
2.189907887857143,1.1657653402857142,2.3908634350000004,4.317903859285714,0.3586688079,0.4372229768571428,1.5398757607142857,1.4933885100000002,2.161285,1.15972,2.39451,4.3134250000000005,0.362519,0.438988,1.5356299999999998,1.487665,1.8285557465180513,1.51726,3.22791,4.6380231918778145,3.60406,5.06836,1.7464478577050264,1.4674,2.98848,1.2996956759107983,0.785047,1.54861,0.24617826438921842,0.169564,0.534147,0.46501098859129625,0.293399,0.584163,1.5593916670466812,1.3111,1.79035,1.6009090754652575,1.25382,1.74018
1.7530075292142857,0.9003992449285714,2.861873803714286,4.5351264364285715,0.3995018847357143,0.5306900657142858,1.6127961521428573,1.4595401764285716,1.7306,0.8948795,2.8594549999999996,4.52627,0.401261,0.535085,1.6044800000000001,1.4519549999999999,1.998061400540534,1.9305,3.78533,4.761970638343442,3.76513,5.29647,1.4874229940058523,1.15369,2.37767,1.1809133689296343,0.518198,1.26887,0.2197431836673281,0.235034,0.564154,0.5852073381792224,0.375143,0.686446,1.6266512026764273,1.37476,1.88902,1.541488261821703,1.20062,1.72107
2.1117708085714284,1.4210812249285714,2.4146697415,5.142174081428571,0.1023794815292857,0.5538502222857142,1.7046102685714286,1.5346893442857146,2.0780399999999997,1.41893,2.41355,5.14147,0.09621125,0.5566095,1.6984849999999998,1.52915,1.5318834700840447,1.47929,3.34804,5.8266225604847675,4.32989,5.9442,2.0060423241554868,1.5002,2.79039,1.6005203932192087,1.06001,1.79085,0.14390090049491172,0.0131363,0.199054,0.5694606555565243,0.422904,0.678634,1.8591542676094743,1.42588,1.9906,1.7519615563763986,1.27155,1.78918
2.6185528021428572,1.5731140647857143,3.281859777857143,4.780329834285714,0.08533140907785713,0.4014452785,2.2274115185714285,1.8040273521428571,2.5755600000000003,1.567945,3.28346,4.772505,0.07560335,0.40149250000000003,2.2220500000000003,1.7998,1.8992109049330257,2.31072,4.27413,4.798650863751058,4.04093,5.50287,2.315034741243917,1.83513,3.48274,1.642659373952254,1.16999,1.98132,0.15681434288012114,0.00832048,0.18851,0.4508288703621359,0.263004,0.545015,2.106001651387105,1.89076,2.57872,1.6379034960132302,1.54461,2.07362
